<?xml version="1.0" encoding="UTF-8"?>
<databaseChangeLog xmlns="http://www.liquibase.org/xml/ns/dbchangelog" xmlns:xsi="http://www.w3.org/2001/XMLSchema-instance" xsi:schemaLocation="http://www.liquibase.org/xml/ns/dbchangelog http://www.liquibase.org/xml/ns/dbchangelog/dbchangelog-3.0.xsd" logicalFilePath="storeParamsSchema">
    <!--Design Name: Store Params Schema-->
    <property name="datetime.type" value="datetime2" dbms="mssql"/>
    <property name="datetime.type" value="datetime"/>
    <property name="varchar.type" value="nvarchar" dbms="mssql"/>
    <property name="varchar.type" value="varchar"/>
    <property name="serviceDefinitionReferences" value="storeInfo"/>

    <changeSet id="1" author="flowable">
        <createTable tableName="store_info">
            <column name="storeId" type="${varchar.type}(255)">
                <constraints nullable="false" primaryKey="true"/>
            </column>
            <column name="ship_to_state" type="${varchar.type}(255)"/>
            <column name="sales_threshold" type="integer"/>
            <column name="store_name" type="${varchar.type}(255)"/>
        </createTable>
    </changeSet>
</databaseChangeLog>
